TITLE,CONFERENCE,GITHUB,AWARDS
SuperFans,ETHGlobal Istanbul,https://github.com/xentoshi/chilizsuperfans,Pool Prize
Crosschain Dapps,ETHGlobal Istanbul,https://github.com/qi-protocol/eth-ist-,Pool Prize
People First,ETHGlobal Istanbul,https://github.com/robertojvs/People-first,Pool Prize
DonAAtion,ETHGlobal Istanbul,https://github.com/a42x/ETHGlobalIstanbul-2023,Pool Prize
secureDEX,ETHGlobal Istanbul,https://github.com/valeriofichera/secureDEX,Pool Prize
Autogov,ETHGlobal Istanbul,https://github.com/tkeith/autogov,ü•â 1inch ‚Äî Open Track
Private Token Rollup,ETHGlobal Istanbul,https://github.com/rpalakkal/aleo-sovereign-rollup,ü•á Best Project
Swirl,ETHGlobal Istanbul,https://github.com/SBerkeB/Hackathon,Deploy on Scroll
zkHub,ETHGlobal Istanbul,https://github.com/BilkentCrypto/istanmeow,Innovation Pool Prize
VerifyWorld,ETHGlobal Istanbul,https://github.com/huseyin-lora/hackaton-frontend,Pool Prize
Merhaba DAO,ETHGlobal Istanbul,https://github.com/Akhil-2310/EthGlobal-Istanbul,Innovation Pool Prize
Shamixx,ETHGlobal Istanbul,https://github.com/SharmilaChoudhary/Ethistanbul,Pool Prize
Uni-Suave intents,ETHGlobal Istanbul,https://github.com/KRD-Kai/unisuave-intent,Best Intent UniSUAVE Design and PoC
myDMentor,ETHGlobal Istanbul,https://github.com/helinakdogan/myDMentor,Pool Prize
MetaTune,ETHGlobal Istanbul,https://github.com/Sterioboy/metatune-app,Pool Prize
meETH Domain Service,ETHGlobal Istanbul,https://github.com/itublockchain/ethistanbul-harberger,Pool Prize
Go Nouns ü§å,ETHGlobal Istanbul,https://github.com/Koushith/ZuckHunt,Best game or marketplace using Waku
Cult3,ETHGlobal Istanbul,https://github.com/namn-grg/istanbul-hack,Deploy on Scroll
LendingZK,ETHGlobal Istanbul,https://github.com/luckyyang/email-lending-contracts,Integrate a Chronicle Oracle
DeCarbTracker,ETHGlobal Istanbul,https://github.com/Pseud0n1nja/DeCarbTracker,Pool Prize
Starkard,ETHGlobal Istanbul,https://github.com/0xstarkard/cairo-contracts,3rd Place
BetChiliz,ETHGlobal Istanbul,https://github.com/bharathbabu68/ethistanbul-hack,1st Place
SpyderScan,ETHGlobal Istanbul,https://github.com/muskbuster/spyderscan,Pool Prize
merhaba-wallet,ETHGlobal Istanbul,https://github.com/princerajcs/merhaba-wallet,Best dApp utilizing Account Abstraction or SocialConnect on Celo
Pixel,ETHGlobal Istanbul,https://github.com/cypher-eth/pixel,Turkish Ice Cream - Creative Bounty
AztecSnap,ETHGlobal Istanbul,https://github.com/porco-rosso-j/aztec-snap,Best overall developer tool for the Noir ecosystem
Lens & Frens,ETHGlobal Istanbul,https://github.com/publu/lenspass,2nd Place
Proovie,ETHGlobal Istanbul,https://github.com/blockchainDEU/Proovie,Pool Prize
Solitaire-NFT,ETHGlobal Istanbul,https://github.com/ElAbel0990/Solitaire-NFT,Pool Prize
WaiterX,ETHGlobal Istanbul,https://github.com/Magicred-1/WaiterX,Innovation Pool Prize
DeflateWallet,ETHGlobal Istanbul,https://github.com/meetmangukiya/arb-deflate,Runner-up
DairyNinja,ETHGlobal Istanbul,https://github.com/onchainification/dairy_ninja,Integrate a Chronicle Oracle
Secret Fans,ETHGlobal Istanbul,https://github.com/secretfans-eth/secretfans,Deploy on Scroll
UniCycle,ETHGlobal Istanbul,https://github.com/avdheshcharjan/UniCycle,Pool Prize
zKeeper,ETHGlobal Istanbul,https://github.com/0x471/zkeeper,1st Place
Turkish Cat,ETHGlobal Istanbul,https://github.com/aviral10x/turkish-cat,Pool Prize
Adventure Runner,ETHGlobal Istanbul,https://github.com/AyushBherwani1998/eth_global_istanbul,2nd Place
YADEX-Yet AnotherDEX,ETHGlobal Istanbul,https://github.com/metoinside/yadex,Pool Prize
PixelPals,ETHGlobal Istanbul,https://github.com/Abhay-2811/PixelPals,ü•á API3 ‚Äî Best use of API3 QRNG
FeFe,ETHGlobal Istanbul,https://github.com/therealbytes/fefe,üèÜ Ethereum Foundation - Build with Fe
LockerSwap,ETHGlobal Istanbul,https://github.com/AdamDah/LockerSwap/blob/main/LockerSwap_Demo.mp4,Pool Prize
CowssChain,ETHGlobal Istanbul,https://github.com/orgs/CowssSwap,üéº Hyperlane ‚Äî 2nd Best Interchain App
Trippy,ETHGlobal Istanbul,https://github.com/0xNoSignal/trippy,Innovation Pool Prize
WalletWrapper,ETHGlobal Istanbul,https://github.com/Morte-Bianca/EthGlobal,Pool Prize
CBN,ETHGlobal Istanbul,https://github.com/tibi77/CBN-project-eth,Pool Prize
Wysdom,ETHGlobal Istanbul,https://github.com/Wysdom-xyz/wysdom-xyz,Deploy on Scroll
HomoSapienSays,ETHGlobal Istanbul,https://github.com/hm0429/ethist,Honorable Mentions
Clade Club,ETHGlobal Istanbul,https://github.com/clade-club,Innovation Pool Prize
ChainedHabits,ETHGlobal Istanbul,https://github.com/o-wb/chainedhabits,üèÉ Cartesi ‚Äî Runner Up
TravelApp,ETHGlobal Istanbul,https://github.com/rafa-canseco/ist-hackaton,Deploy on Scroll
TheLastLands.com,ETHGlobal Istanbul,https://github.com/Float-Capital/last-lands,Deploy on Scroll
Open Gate,ETHGlobal Istanbul,https://github.com/ismail9k/open-gate,üèä Filecoin ‚Äî Pool Prize
N-hub,ETHGlobal Istanbul,https://github.com/bianc8/N-hub,Innovation Pool Prize
ApeFit,ETHGlobal Istanbul,https://github.com/Nazeeh21/ethglobal-istanbul,Innovation Pool Prize
ActionForge,ETHGlobal Istanbul,https://github.com/action-forge/protocol,Deploy on Scroll
ChilizJackpotPool,ETHGlobal Istanbul,https://github.com/mxber2022/Chiliz,Pool Prize
zkCollector,ETHGlobal Istanbul,https://github.com/zemse/zk-collector,üèÖ 4th Place
Vitalik's Secret,ETHGlobal Istanbul,https://github.com/wighawag/vitalik-secret/,Pool Prize
Rexo,ETHGlobal Istanbul,https://github.com/naelob/rex-rating-frontend/,Best Governance App
Dauth,ETHGlobal Istanbul,https://meisamtaher.github.io/session-wallet/,Pool Prize
NFTFI Conduit,ETHGlobal Istanbul,https://github.com/ziyincody/Dai-NFTFI-Conduit,Pool Prize
TR8,ETHGlobal Istanbul,https://github.com/hebx/tr8-contracts,Pool Prize
swirlio,ETHGlobal Istanbul,https://github.com/alikonuk1/swirlio,Pool Prize
WorldBoat,ETHGlobal Istanbul,https://github.com/EcoAccountable/ecoaccountable-contracts,Pool Prize
TagTrove,ETHGlobal Istanbul,https://github.com/0xhardman/tag-trove,Innovation Pool Prize
kebab gambler,ETHGlobal Istanbul,https://github.com/pierregvx/devconnect,Deploy on Scroll
SUClave,ETHGlobal Istanbul,https://github.com/getclave/suclave-ethglobal-istanbul/,1st Place
√ñd√ºlGit,ETHGlobal Istanbul,https://github.com/odulgit/odulgit,üèä Filecoin ‚Äî Pool Prize
rent-EZ,ETHGlobal Istanbul,https://github.com/dolvin17/rentEZ,Innovation Pool Prize
EnsGateway‚ù§Ô∏èArbitrum,ETHGlobal Istanbul,https://github.com/ensdomains/evmgateway/pull/19,Pool Prize
Smart NeSt web3-IoT,ETHGlobal Istanbul,https://github.com/JustAnotherDevv/SMART-NeSt,Pool Prize
Scroll Messenger,ETHGlobal Istanbul,https://github.com/armsves/ETHGlobalIstanbul23Hackaton,Deploy on Scroll
Cattestation,ETHGlobal Istanbul,https://github.com/kevincharm/cattestation-contracts,ü•á Winner
SafeSwim,ETHGlobal Istanbul,https://github.com/veigajoao/compliant-privacy,Pool Prize
attesTOTO,ETHGlobal Istanbul,https://github.com/mrkaurelius/attesTOTO,Pool Prize
Safety First,ETHGlobal Istanbul,https://github.com/RegisGraptin/ETH-Global-Istanbul,Best privacy-focused project using Waku
Legac.eth,ETHGlobal Istanbul,https://github.com/gaavebase,Pool Prize
GoldenGate,ETHGlobal Istanbul,https://github.com/konradstrachan/ethistanbulhackathon2023,üéº Hyperlane ‚Äî 2nd Best Interchain App
Ephemeral ZK L3s,ETHGlobal Istanbul,https://github.com/rishotics/ephemeral_ZK_L3s,Pool Prize
RealRace üèá,ETHGlobal Istanbul,https://github.com/StallionFi/onChain-Backend,1st Place
GearboxGPT,ETHGlobal Istanbul,https://github.com/hazelnutcloud/gearbox-singularity,GearBot's Apprentice 2
Stylus Playground,ETHGlobal Istanbul,https://github.com/onuruci/stylus-playground,ü•á Winner
Toaster,ETHGlobal Istanbul,https://github.com/swimmiee/ethistanbul-toaster-contract,Pool Prize
Fe-bernace,ETHGlobal Istanbul,https://github.com/Doozers/fe-nerbahce,üèÜ Ethereum Foundation - Build with Fe
Degen Drink,ETHGlobal Istanbul,https://github.com/visoftsolutions/ethglobal-istanbul-2023,Innovation Pool Prize
WorkX Premium Access,ETHGlobal Istanbul,https://github.com/Work-X-Official/work-x-token/,Deploy on Scroll
xPay,ETHGlobal Istanbul,https://github.com/rahul0eth/xpay-contracts/,EVM Migration Tool Prize
Nouns RC Tribute,ETHGlobal Istanbul,https://github.com/adrianmcli/nouns-rc-tribute,Deploy on Scroll
TapTrust,ETHGlobal Istanbul,https://github.com/NikosFotiadis/TapTrust,3rd Place
Blob Merger,ETHGlobal Istanbul,https://github.com/microHoffman/suave-geth,Pool Prize
Recursive Gaming,ETHGlobal Istanbul,https://github.com/zkzoomer/recursive-gaming/tree/main,üèÖ 4th Place
DietBuddy,ETHGlobal Istanbul,https://github.com/Begumwithsmiley/ethglobalIst,Pool Prize
ML-ERC46,ETHGlobal Istanbul,https://github.com/solidoracle/erc4626-rs,Runner-up
zkret-attestations,ETHGlobal Istanbul,https://github.com/crisgarner/zkret-attestations,Deploy on Scroll
Star Sign,ETHGlobal Istanbul,https://github.com/heriportre/ETH_ISTANBUL_2023,Pool Prize
DeSub,ETHGlobal Istanbul,https://github.com/moeenxyz/Hackathon,Innovation Pool Prize
Collabstr,ETHGlobal Istanbul,https://github.com/ethglobal,Deploy on Scroll
Quandra,ETHGlobal Istanbul,https://github.com/Dex-C/Quandra-conracts,Deploy on Scroll
DOG,ETHGlobal Istanbul,https://github.com/0xPetra/zkCreditScore,Deploy on Scroll
ZK Viper Race,ETHGlobal Istanbul,https://triflr.github.io/viper-racer,Pool Prize
Safe Defender,ETHGlobal Istanbul,https://github.com/VMLVaske/eth_istambul/,Pool Prize
Frog Relayer,ETHGlobal Istanbul,https://github.com/RayHuang880301/permissionless-intent-based-relayer-contract,Pool Prize
Liquidator,ETHGlobal Istanbul,https://github.com/liquiditylibs,Pool Prize
Protocol GPT,ETHGlobal Istanbul,https://github.com/solity-research/ethIstanbul,Pool Prize
AidDistribute,ETHGlobal Istanbul,https://github.com/Sednaoui/ethglobal-hack-istanbul-2023,Pool Prize
ETH Drive,ETHGlobal Istanbul,https://github.com/yusakuvol/ETH-Drive,üèä Filecoin ‚Äî Pool Prize
Cleanify,ETHGlobal Istanbul,https://github.com/CleanifyOrg/cleanify,Pool Prize
zKube,ETHGlobal Istanbul,https://github.com/0xMycenaean/zKubes,Deploy on Scroll
Pepe's Computation,ETHGlobal Istanbul,https://github.com/TUM-Blockchain-Club/zkGame,Best overall Noir application or library
Web Tree,ETHGlobal Istanbul,https://github.com/Tetration-Lab/webtree,Innovation Pool Prize
ZurnaAI,ETHGlobal Istanbul,https://github.com/MuratCaganGogebakan/ZurnaAI,Deploy on Scroll
Karvest,ETHGlobal Istanbul,https://github.com/karvest-finance/karvest,Innovate on Gnosis Chain
Wafting Whispers,ETHGlobal Istanbul,https://github.com/holoi/wafting-whispers,Web3 On-Chain Gaming Dapps based on Next.ID
Impulsea,ETHGlobal Istanbul,https://github.com/Impulsea,Pool Prize
dETHroll,ETHGlobal Istanbul,https://github.com/unbound26z/dETHroll,Pool Prize
K3ys,ETHGlobal Istanbul,https://github.com/keys-connect/app,Innovation Pool Prize
ZK Gesture,ETHGlobal Istanbul,https://github.com/rohanabraham/ZK-Gesture,Top 5 - Best App Built on Leo
Chat Swap,ETHGlobal Istanbul,https://github.com/byzantine-fault/ChatSwap,Innovation Pool Prize
Clave Watch,ETHGlobal Istanbul,https://github.com/getclave/clave-watch,Honorary Mention
BetMakers,ETHGlobal Istanbul,https://github.com/orgs/BetMakers,Pool Prize
ZeroX Gaming,ETHGlobal Istanbul,https://github.com/williamh-zx/eth-istanbul,Pool Prize
Trust Fund Baby,ETHGlobal Istanbul,https://github.com/x24870/trustFundBaby,Pool Prize
WorldWote,ETHGlobal Istanbul,https://github.com/WorldWote/wote-app,Deploy on Scroll
Pulse,ETHGlobal Istanbul,https://github.com/PaoloRollo/pulse,Cappadocia Hot air Balloon
Decentralized Intent,ETHGlobal Istanbul,https://github.com/bobetbat/fusion-p2p,ü•â 1inch ‚Äî Best Innovation on Fusion API
play with frens,ETHGlobal Istanbul,https://github.com/resatu/play-w-frens,Innovation Pool Prize
ParkedUp,ETHGlobal Istanbul,https://github.com/mxber2022/EthGlobalIstanbul,Innovation Pool Prize
PodShpere,ETHGlobal Istanbul,https://github.com/timothyshen/PodSPhere,üèä Filecoin ‚Äî Pool Prize
SquadFi,ETHGlobal Istanbul,https://github.com/505-solutions/SquadFi,Innovation Pool Prize
Pro-ActivePGF,ETHGlobal Istanbul,https://github.com/jdubpark/WordRealmForGood,Pool Prize
WhoWantsToBeSultan,ETHGlobal Istanbul,https://github.com/claudioBarreira89/who-wants-to-be-a-sultan,Innovation Pool Prize
Whaly,ETHGlobal Istanbul,https://github.com/SweetBubalehj/Whaly,Pool Prize
TradeSphere,ETHGlobal Istanbul,https://github.com/kamalbuilds/TradeSphere,ü•â 1inch ‚Äî Best Use of Dev Portal APIs
EXAMINA,ETHGlobal Istanbul,https://github.com/Alsond5/examina_api,üèÖ 4th Place
MonaLizard,ETHGlobal Istanbul,https://github.com/Pratham-19/ethIstanbul,Innovation Pool Prize
LayerAkira,ETHGlobal Istanbul,https://github.com/LayerAkira/reoccuring_lottery,3rd Place
BLOOM,ETHGlobal Istanbul,https://github.com/Bloom-Org/.github,2nd Place
Themis: ZKML Loyalty,ETHGlobal Istanbul,https://github.com/CenitFinance/ethglobal_istanbul_2023,Pool Prize
PEPC-REP,ETHGlobal Istanbul,https://github.com/adachi-440/pepc-rep,2nd Place
Keditrees,ETHGlobal Istanbul,https://github.com/HDehka/Keditrees,Deploy on Scroll
CoB,ETHGlobal Istanbul,https://github.com/cesarhuret/cob,üéº Hyperlane ‚Äî 2nd Best Interchain App
Chockolatam,ETHGlobal Istanbul,https://github.com/kadirchan/chockolatam,Pool Prize
SmartDAO,ETHGlobal Istanbul,https://github.com/ulkuaydin/SmartDao,Pool Prize
LendGuard,ETHGlobal Istanbul,https://github.com/Lend-Guard/LendGuardHello,Pool Prize
AssetFuse,ETHGlobal Istanbul,https://github.com/lamtrinh259/ETHGlobal_Istanbul_RWA_Infra,Pool Prize
BlockBet,ETHGlobal Istanbul,https://github.com/blockbet-collective/blockbet,Pool Prize
DirectHelp,ETHGlobal Istanbul,https://github.com/directhelporg/directhelp,2nd Place
Buddy-Guard,ETHGlobal Istanbul,https://github.com/raigal-r/buddy-guard,2nd Place
4DLimitOrder,ETHGlobal Istanbul,https://github.com/earlyxyz/composable-cow/blob/main/script/submit_SingleLimit4D.s.sol,2nd Place
Smart Health Data,ETHGlobal Istanbul,https://github.com/morandalex/morandalex-ethglobal-istanbul23-smart-health-data/,Deploy on Scroll
Footy Stars,ETHGlobal Istanbul,https://github.com/Footy-Stars/README,2nd Place
YieldNest,ETHGlobal Istanbul,https://github.com/amadeobrands/yieldnest-istanbul/,1st Place
DeFi Builder,ETHGlobal Istanbul,https://github.com/urataps/nft-module-marketplace,Deploy on Scroll
OraNFT,ETHGlobal Istanbul,https://github.com/Danzed11/OraNFT,Pool Prize
Grow or Gamble,ETHGlobal Istanbul,https://github.com/francisco-leal/good-goals,Innovation Pool Prize
OneSave,ETHGlobal Istanbul,https://github.com/0xabh/OneSave,Innovation Pool Prize
Raven,ETHGlobal Istanbul,https://github.com/bartomolina/raven,1st Place
MusicChef,ETHGlobal Istanbul,https://github.com/TUM-Blockchain-Club/MusicChef,Innovation Pool Prize
Memento,ETHGlobal Istanbul,https://github.com/igorperic17/memento/,üèä Filecoin ‚Äî Pool Prize
Prophecy,ETHGlobal Istanbul,https://github.com/karlostoteles/Prophecy,Pool Prize
GenieAI,ETHGlobal Istanbul,https://github.com/GenieAI-Labs/core,Runner-up
BigFatCryptoWedding,ETHGlobal Istanbul,https://github.com/rezabfil-sec/mybigfatcryptowedding,Best use of Threshold
PeerPal,ETHGlobal Istanbul,https://github.com/fchambi/PeerPal,Innovation Pool Prize
SecureMate,ETHGlobal Istanbul,https://github.com/sambitsargam/SecureMate,Pool Prize
MindShare,ETHGlobal Istanbul,https://github.com/abdtimur/ethglobal-istanbul,Deploy on Scroll
Dub3.ai,ETHGlobal Istanbul,https://github.com/fabriziogianni7/dub3,ü•á Cartesi ‚Äî Best Use
Radyal,ETHGlobal Istanbul,https://github.com/ethglobal,Innovation Pool Prize
LensBet,ETHGlobal Istanbul,https://github.com/social-alchemy/quadratic-social-justice,3rd Place
RepOracle,ETHGlobal Istanbul,https://github.com/voidcenter/eth-istanbul,Innovation Pool Prize
ThreeFundMe,ETHGlobal Istanbul,https://github.com/blu3labs/threefundme,Innovation Pool Prize
Next-gen RPC node,ETHGlobal Istanbul,https://github.com/cyberwider/next-gen-rpc,üèä Filecoin ‚Äî Pool Prize
Domain Expansion,ETHGlobal Istanbul,https://github.com/0xDononymous/DefiLnR,ü§≤ Axiom ‚Äî Best for On-chain Incentivization
Keoken,ETHGlobal Istanbul,https://github.com/bocha-io/keoken,NFT Infrastructure Prize
Hackavote!,ETHGlobal Istanbul,https://github.com/Hackavote/hackavote-interface,Best use of Threshold
Para Para,ETHGlobal Istanbul,https://github.com/kevinstubbs/istanbul23-parapara,Pool Prize
WristWallet,ETHGlobal Istanbul,https://github.com/wristwallet/android-wistwallet,Pool Prize
CoinLoop,ETHGlobal Istanbul,https://github.com/ben-harper27/tradershub,Innovation Pool Prize
Rely,ETHGlobal Istanbul,https://github.com/hsyndeniz/rely,Merhaba Push Protocol
SubMan,ETHGlobal Istanbul,https://github.com/blu3labs/subman,Innovation Pool Prize
Arachne 6551,ETHGlobal Istanbul,https://github.com/bibitto/Arachne-Contracts,Innovation Pool Prize
MeowLend,ETHGlobal Istanbul,https://github.com/StableUnit/EthIstanbulContracts,Pool Prize
CrossChain DAO,ETHGlobal Istanbul,https://github.com/4bridges/vote-snap,Pool Prize
EcoVerse DAO,ETHGlobal Istanbul,https://github.com/airidasbeno/ecoverse-dao,Innovation Pool Prize
DecentraleX,ETHGlobal Istanbul,https://github.com/Decentralex-ETH-Istanbul/react-client,Best Sign In with Worldcoin App
nft-folder-macos,ETHGlobal Istanbul,https://github.com/grachyov/nft-folder-macos,ü•á 1inch ‚Äî Best Use of Dev Portal APIs
Stark-Bridge-n-Frog,ETHGlobal Istanbul,https://github.com/rdubois-crypto/Stark-Bridge-n-Frog,3rd Place
ProgWallet,ETHGlobal Istanbul,https://github.com/flyinglimao/ProgWallet/,Pool Prize
.Finance,ETHGlobal Istanbul,https://github.com/GotFly/ethglobal-hakathon-contracts,Pool Prize
S.C.I,ETHGlobal Istanbul,https://github.com/alavarello/secure-ci,2nd Place
oSnapV2,ETHGlobal Istanbul,https://github.com/alexanderem49/osnap-v2,2nd Place
Collateralisation St,ETHGlobal Istanbul,https://github.com/8ball030/collatralisation_station,ü•à 1inch ‚Äî Open Track
blicence,ETHGlobal Istanbul,https://github.com/blicence/Blicontract,Pool Prize
COP6,ETHGlobal Istanbul,https://github.com/parseb/COP6,Pool Prize
PieSlicer,ETHGlobal Istanbul,https://github.com/PieSlicer/smart-contracts,2nd Place
DeXodus,ETHGlobal Istanbul,https://github.com/4lsh4/deXodus/,ü•á API3 ‚Äî Best Use of dAPI price feeds
SoundSafe,ETHGlobal Istanbul,https://github.com/GianlucaMinoprio/SoundSafe,1st Place
Morvo,ETHGlobal Istanbul,https://github.com/luzalbaposse/Morvo-App,Best Overall
Chirpy,ETHGlobal Istanbul,https://github.com/akirawuc/chirpy,Pool Prize
People's Platform,ETHGlobal Istanbul,https://github.com/yavuzitconsulting/peoplesplatform,Deploy on Scroll
Grassroots,ETHGlobal Istanbul,https://github.com/refi-istanbul/grassroots,Best Overall use of Waku
DeDe,ETHGlobal Istanbul,https://github.com/dede-EthIstanbul/DeDe,Innovation Pool Prize
BridgeBuddy,ETHGlobal Istanbul,https://github.com/Bluegales/BridgeBuddy,üéº Hyperlane ‚Äî 2nd Best Interchain App
Kandinsky,ETHGlobal Istanbul,https://github.com/marian2js/kandinsky,1st Place
DevGo,ETHGlobal Istanbul,https://github.com/Dinaris/TokenGo,Deploy on Scroll
TeleSnails,ETHGlobal Istanbul,https://github.com/TurmericLabs/telesnails,Pool Prize
Inflow,ETHGlobal Istanbul,https://github.com/inflowhack/inflow,Pool Prize
UniRoll,ETHGlobal Istanbul,https://github.com/abhishekvispute/uniroll-contracts,Innovation Pool Prize
Refer.eth,ETHGlobal Istanbul,https://github.com/Refer-eth/refereth-frontend,Innovation Pool Prize
AAtomato,ETHGlobal Istanbul,https://github.com/jonathangus/eth-global-istanbul,Deploy on Scroll
ProductTech,ETHGlobal Istanbul,https://github.com/0xForkHunter/product.tech,Pool Prize
"Sarma+EVM=ZKEVM,PEXC",ETHGlobal Istanbul,https://github.com/jordan-public/evm-private-execution/blob/main/demo/README.md,üèä Filecoin ‚Äî Pool Prize
FootyDAO,ETHGlobal Istanbul,https://github.com/jrcarlos2000/FootyDAO-contracts,Pool Prize
Coincidence,ETHGlobal Istanbul,https://github.com/orpheuslummis/coincidence-ethglobal2023istanbul,Innovation Pool Prize
dETH legacy,ETHGlobal Istanbul,https://github.com/svalls26/dETHlegacy,Innovation Pool Prize
Stay Warm,ETHGlobal Istanbul,https://github.com/StayWarmLabs/StayWarm,Deploy on Scroll
TripBloc,ETHGlobal Istanbul,https://github.com/Gautambnsl/TripBloc-EthIstanbul,üèÜ Ethereum Foundation - Build with Fe
Yield for Good,ETHGlobal Istanbul,https://github.com/eth-global-ist-2023/yield-for-good,Deploy on Scroll
Grayskull Guardians,ETHGlobal Istanbul,https://github.com/Caruso33/GrayskullGuardians,Innovation Pool Prize
Prompt to Chain,ETHGlobal Istanbul,https://github.com/lorenz234/prompttochain,Deploy on Scroll
Circuit Breaker SNIP,ETHGlobal Istanbul,https://github.com/Akashneelesh/SNIP7625,2nd Place
KittyCross,ETHGlobal Istanbul,https://github.com/mbcse/KittyCross/,üèÜ Filecoin ‚Äî Grand Prize
CanaryBay,ETHGlobal Istanbul,https://github.com/0xnook/canary-registry,Pool Prize
Treasury Anchor,ETHGlobal Istanbul,https://github.com/Velvet-Capital/walletAA/,Pool Prize
Encrypted Pokemon,ETHGlobal Istanbul,https://github.com/Mississippi-Labs/mississippi,Deploy on Scroll
Park,ETHGlobal Istanbul,https://github.com/murrlincoln/Istanbul-Hackathon,Innovation Pool Prize
Coincidence of Meow,ETHGlobal Istanbul,https://github.com/dimsome/com-bridge,Pool Prize
SoFiLend,ETHGlobal Istanbul,https://github.com/Shimadakunn/SoFi,Pool Prize
PRENDICO,ETHGlobal Istanbul,https://github.com/Le-Caignec/UNICEF,Most novel solution solving for cryptocurrencies in cash assistance
IntentBoost,ETHGlobal Istanbul,https://github.com/Gelato-B2B/Istanbul_hack,ü•à 1inch ‚Äî Best Innovation on Fusion API
ZKvote.cc,ETHGlobal Istanbul,https://github.com/oxor-io/zk-layer-vote,3rd Place
Blobnouns,ETHGlobal Istanbul,https://github.com/Blob-Guardians/blobtoss-cli,3rd Place
universe,ETHGlobal Istanbul,https://github.com/nichitagutu/disrupt-uni,Pool Prize
Wayve,ETHGlobal Istanbul,https://github.com/wayve-ethglobal-ist,Pool Prize
FomoGotchi,ETHGlobal Istanbul,https://github.com/DMomot/fomogotchi,Pool Prize
NextMillionaire,ETHGlobal Istanbul,https://github.com/venkatnetha/EthIstanbul-Hack/,Deploy on Scroll
StarkForge,ETHGlobal Istanbul,https://github.com/Vennila-Seshadri/StarkForge,Pool Prize
Aggeragator_Hook,ETHGlobal Istanbul,https://github.com/Attens1423/Aggregator-Hook,1st Place
Amca,ETHGlobal Istanbul,https://github.com/tahirahmadin/sleepswap-frontend-ethistanbul,API3 Runners up
Donat3,ETHGlobal Istanbul,https://github.com/seeincodes/donat3,Deploy on Scroll
BrunchClub,ETHGlobal Istanbul,https://github.com/Ferossgp/brunchclub,üèä Filecoin ‚Äî Pool Prize
Avatar,ETHGlobal Istanbul,https://github.com/karasakalmt/carbon,Innovation Pool Prize
Private Cloud,ETHGlobal Istanbul,https://github.com/filoozom/private-cloud-ipfs-waku-devconnect,üèÜ Filecoin ‚Äî Grand Prize
Lambda Protocol,ETHGlobal Istanbul,https://github.com/andrew54068/lambda-protocol-interface,üèä Filecoin ‚Äî Pool Prize
Keblobs,ETHGlobal Istanbul,https://github.com/awesome-abstraction/arbitrum-stylus-package,Pool Prize
Pachama-ma,ETHGlobal Istanbul,https://github.com/Pachama-ma/pachama-ma-frontend,Pool Prize
Cat cha chat,ETHGlobal Istanbul,https://github.com/social-bureau/ethglobal-istanbul-fe,Pool Prize
BlockTalk,ETHGlobal Istanbul,https://github.com/whatupjeff/blocktalk,Pool Prize
TicTacToe Agent,ETHGlobal Istanbul,https://github.com/OwnerOfJK/TicTacToeAgent,1st Place
SpicyBets,ETHGlobal Istanbul,https://github.com/MikePawel/SpicyBets,Pool Prize
PePay,ETHGlobal Istanbul,https://github.com/jonovdm/pepay,1st Place
Galata Charity Relay,ETHGlobal Istanbul,https://github.com/RebZJ/galata,Innovation Pool Prize
Prodigy Piano Diary,ETHGlobal Istanbul,https://github.com/gonzalobarria/prodigy-piano-diary.git,1st Place
ForeverKnowledgeable,ETHGlobal Istanbul,https://github.com/NomadHackers/client,Deploy on Scroll
Green$creen,ETHGlobal Istanbul,https://github.com/EGI-2023/greenscreen,Innovation Pool Prize
LavaBets,ETHGlobal Istanbul,https://github.com/eliasnemr/lava,Pool Prize
zkmap,ETHGlobal Istanbul,https://github.com/Volthai7us/eth-global-istanbul,ü•á Grand Prize
Onay,ETHGlobal Istanbul,https://github.com/OnayHQ/onay,ü•á 1inch ‚Äî Best Use of Dev Portal APIs
HABITS,ETHGlobal Istanbul,https://github.com/D9J9V/HABITS,Best Mobile dApp on Celo 
ZK bridge,ETHGlobal Istanbul,https://github.com/zk-bridges/l1-contracts,Innovation Pool Prize
Toxic Fl-no,ETHGlobal Istanbul,https://github.com/tredfern0/toxic-fl-no ,üìí Axiom ‚Äî Best for DeFi
GaslessPOAPs,ETHGlobal Istanbul,https://github.com/Deivitto/gassless-poaps,1st Place
SaferBridge,ETHGlobal Istanbul,https://github.com/Robbiekruszynski/ist_bridge_2023,ü•á Winner
Edit Stars,ETHGlobal Istanbul,https://github.com/memduhb/editstars-fe,üèä Filecoin ‚Äî Pool Prize
WTForm,ETHGlobal Istanbul,https://github.com/WTFAcademy/WTForm,Innovation Pool Prize
DeFi Omni Dapp,ETHGlobal Istanbul,https://github.com/orgs/hackashell,3rd Place
Cabal Chat,ETHGlobal Istanbul,https://github.com/Cabal-Labs/cabal-chat,ü•à 1inch ‚Äî Open Track
Secure Social Swap,ETHGlobal Istanbul,https://github.com/kuntik17/eth-ist-scs,Best use of Threshold
nexus-dai,ETHGlobal Istanbul,https://github.com/Nexus-2023/nexus-dai,1st Place
MediScan,ETHGlobal Istanbul,https://github.com/MediScanHQ/mediscan-monorepo,Top 5 - Best App Built on Leo
FastSwaps,ETHGlobal Istanbul,https://github.com/sheva323/IstanbulHackathon,2nd Place
Wiser,ETHGlobal Istanbul,https://github.com/bahadircan-bc/hackathon-eth,Deploy on Scroll
HuggingLily,ETHGlobal Istanbul,https://github.com/tolgayayci/ethglobal-istanbul,üèÜ Filecoin ‚Äî Grand Prize
Nazar,ETHGlobal Istanbul,https://github.com/iuwqyir/nazar,Innovation Pool Prize
VAPOR,ETHGlobal Istanbul,https://github.com/0xFableOrg/vapor,Best game or marketplace using Waku
AlterLend,ETHGlobal Istanbul,https://github.com/solity-research/eth-global-istanbul,3rd Place
ZKnoid,ETHGlobal Istanbul,https://github.com/aii23/MinaZKanoid,2nd Place
In-Sua-Rance,ETHGlobal Istanbul,https://github.com/WudingRoad1145/Insuarance,Pool Prize
Tgwap,ETHGlobal Istanbul,https://github.com/Twap-IT,Innovation Pool Prize
ConTx,ETHGlobal Istanbul,https://github.com/ETHGlobal-ConTx/ConTx,Innovation Pool Prize
Pinky Promise,ETHGlobal Istanbul,https://github.com/MickdeGraaf/pinky-promise,3rd Place
GNL,ETHGlobal Istanbul,https://github.com/berkingurcan/gnl-ETHGlobal-Istanbul2023,Top 5 - Best App Built on Leo
GOAT RAMP,ETHGlobal Istanbul,https://github.com/0xturboblitz/goatramp,3rd Place
EASy Work,ETHGlobal Istanbul,https://github.com/vaniiiii/easy-work-contracts,Pool Prize
Ticket PROTOCOL,ETHGlobal Istanbul,https://github.com/IdCom4/ETHGlobalIstanbul,Innovation Pool Prize
AirdropFi,ETHGlobal Istanbul,https://github.com/mattiapomelli/fairdrop,Innovation Pool Prize
WalletSync,ETHGlobal Istanbul,https://github.com/deepshah9696/ETHIstanbul,Pool Prize
Stabilan,ETHGlobal Istanbul,https://github.com/duxxud/ethglobal-stabilan,ü•á 1inch ‚Äî Most Innovative using Token Plugins
Green Zkrciticty,ETHGlobal Istanbul,https://github.com/DappaDanDev/green-zktricity_,Best overall Aztec Sandbox dapp
Cairo Arena,ETHGlobal Istanbul,https://github.com/0xKube/Cairo_Arena,Madara's special prize
