TITLE,GITHUB
,
,https://github.com/yomanthunder/Crowdfunding-ERC20-contract
,
,https://github.com/ethglobal
,https://github.com/NextIDWorld/next-world-dapp
,https://github.com/ethglobal
,https://github.com/0xrhsmt/uniswapv4-volatility-fee-hook/
,https://github.com/qi-protocol/eth-online
,https://github.com/J-Palomino/whodapp
,https://github.com/parmanuxyz/noir/
,
,
,https://github.com/ethglobal
,
,https://github.com/ethglobal
,https://github.com/neel-ds/route
,https://github.com/MetaPlayVerse/ethglobal-app
,https://github.com/DogukanGun/EHTOnline
,https://github.com/ethglobal
,https://github.com/ppratham0811/ethglobal-borrow-lending
,https://github.com/bunsamosa/gtfol_server
,https://github.com/dinesh11515/EthOnline2023
,https://github.com/SarveshLimaye/ETH-Online
,https://github.com/chulahn/RP3G
,https://github.com/Akhil-2310/Eth-Online
,
,https://github.com/fabriziogianni7/botblock
,https://github.com/raehat/autopilot-hyperlane
,https://github.com/sambitsargam/Scroll-Coin-Flip
,https://github.com/umangp31/walletwise
,https://github.com/olajuwon74/Bingo
,
,https://github.com/mbcse/CrossSync
,https://github.com/Shanni/nomad-booking
,https://github.com/lukecpark/zkSwap
,https://github.com/tusharojha/storylok-game
,https://github.com/facebook/react
,https://github.com/Web3-Agent/Web3Agent
,https://github.com/Shout-Protocol/shout-protocol-repos
,https://github.com/Falco90/CCTTRPG
,https://github.com/gylman/SudoChain
,https://github.com/merrygold/cats
,https://github.com/deepshah9696/ETHOnline
,https://github.com/divya-ninja/crowdfunding-remix
,https://github.com/ethglobal
,https://github.com/metaversemoon/skill-link
